study,participants,eligible,accuracy_after,baseline_accuracy,accuracy_delta,mae_after,baseline_mae,mae_delta,rmse_after,r2_after,mae_change,rmse_change,rmse_change_delta,calibration_slope,calibration_intercept,calibration_ece,calibration_ece_delta,kl_divergence_change,kl_divergence_delta,dataset,split
Study 1 – Gun Control (MTurk),162,162,0.8641975308641975,0.07407407407407407,0.7901234567901234,0.011850439064150078,0.037114197530864194,0.025263758466714116,0.02136704222773829,0.9944538041743531,0.011850439064150078,0.02136704222773829,0.024371496105803685,1.0837684172442914,-0.0029264123723887316,0.0042127498157500595,,1.5572652094923216,19.88827211982185,data/cleaned_grail,validation
Study 2 – Minimum Wage (MTurk),165,165,0.8363636363636363,0.06060606060606061,0.7757575757575756,0.036443342453262355,0.09619781144781145,0.059754468994549094,0.04859456510770024,0.9691671861098461,0.036443342453262355,0.04859456510770024,0.08947745484083028,1.1056967377099554,-0.0029480252665183984,0.012851658176767148,,0.571929243930301,17.796700747118397,data/cleaned_grail,validation
Study 3 – Minimum Wage (YouGov),257,257,0.7392996108949417,0.058365758754863814,0.6809338521400778,0.048558724969044106,0.0841041319251436,0.03554540695609949,0.06880833753238844,0.9303428123665312,0.048558724969044106,0.06880833753238844,0.056551448614668515,1.0636771682291946,-0.004780389342627947,0.007954356894957576,,0.7876684571406365,15.792345376612058,data/cleaned_grail,validation
