study,participants,eligible,accuracy_after,baseline_accuracy,accuracy_delta,mae_after,baseline_mae,mae_delta,rmse_after,r2_after,mae_change,rmse_change,rmse_change_delta,calibration_slope,calibration_intercept,calibration_ece,calibration_ece_delta,kl_divergence_change,kl_divergence_delta,dataset,split
Study 1 – Gun Control (MTurk),162,162,0.7592592592592593,0.07407407407407407,0.6851851851851852,0.026371863738340495,0.037114197530864194,0.0107423337925237,0.0353110196935507,0.9848529903826514,0.026371863738340495,0.0353110196935507,0.010427518639991272,0.7442726349638907,0.004961568337494506,0.007970757817096406,,4.399867170563114,17.045670158751058,data/cleaned_grail,validation
Study 2 – Minimum Wage (MTurk),165,165,0.5575757575757576,0.06060606060606061,0.496969696969697,0.0901741508243434,0.09619781144781145,0.006023660623468055,0.12441979742527351,0.7978765317611968,0.0901741508243434,0.12441979742527351,0.013652222523257013,0.984055059147501,0.009298437182029832,0.029017274101984035,,5.174661848894471,13.19396814215423,data/cleaned_grail,validation
Study 3 – Minimum Wage (YouGov),257,257,0.5486381322957199,0.058365758754863814,0.49027237354085607,0.0833989839670588,0.0841041319251436,0.0007051479580847952,0.11340494950403412,0.8107883708534287,0.08339898396705879,0.11340494950403412,0.011954836643022826,0.9122218180831253,0.0012957181594798464,0.019584699062876496,,2.758847748708149,13.821166085044545,data/cleaned_grail,validation
