{
  "model": "knn",
  "dataset": "/n/fs/similarity/grail-simulation/data/cleaned_grail",
  "issue": "minimum_wage",
  "split": "validation",
  "n_total": 2350,
  "n_eligible": 2350,
  "accuracy_overall": 0.2782978723404255,
  "accuracy_by_k": {
    "1": 0.2782978723404255,
    "2": 0.2782978723404255,
    "3": 0.2782978723404255,
    "4": 0.2782978723404255,
    "5": 0.2782978723404255,
    "6": 0.2782978723404255,
    "7": 0.2782978723404255,
    "8": 0.2782978723404255,
    "9": 0.2782978723404255,
    "10": 0.2782978723404255,
    "15": 0.2782978723404255,
    "20": 0.2782978723404255,
    "25": 0.2782978723404255,
    "50": 0.2782978723404255
  },
  "best_k": 2,
  "position_stats": {
    "1": {
      "n_seen": 0,
      "n_eligible": 0,
      "correct": 0,
      "accuracy": 0.0
    },
    "2": {
      "n_seen": 0,
      "n_eligible": 0,
      "correct": 0,
      "accuracy": 0.0
    },
    "3": {
      "n_seen": 0,
      "n_eligible": 0,
      "correct": 0,
      "accuracy": 0.0
    },
    "4": {
      "n_seen": 0,
      "n_eligible": 0,
      "correct": 0,
      "accuracy": 0.0
    },
    "5+": {
      "n_seen": 0,
      "n_eligible": 0,
      "correct": 0,
      "accuracy": 0.0
    },
    "unknown": {
      "n_seen": 2350,
      "n_eligible": 2350,
      "correct": 654,
      "accuracy": 0.2782978723404255
    }
  },
  "by_n_options": {
    "hist_seen": {
      "1": 1,
      "2": 48,
      "3": 133,
      "4": 2112,
      "5+": 56
    },
    "hist_eligible": {
      "1": 1,
      "2": 48,
      "3": 133,
      "4": 2112,
      "5+": 56
    },
    "hist_correct": {
      "1": 1,
      "2": 11,
      "3": 48,
      "4": 581,
      "5+": 13
    },
    "accuracy": {
      "1": 1.0,
      "2": 0.22916666666666666,
      "3": 0.3609022556390977,
      "4": 0.27509469696969696,
      "5+": 0.23214285714285715
    }
  },
  "split_single_vs_multi": {
    "n_single": 1,
    "n_multi": 2349,
    "eligible_single": 1,
    "eligible_multi": 2349,
    "accuracy_single": 1.0,
    "accuracy_multi": 0.2779906343124734
  },
  "gold_index_distribution": {
    "1": 968,
    "2": 508,
    "3": 423,
    "4": 395,
    "5": 56
  },
  "baseline_most_frequent_gold_index": {
    "top_index": 1,
    "count": 968,
    "accuracy": 0.41191489361702127
  },
  "random_baseline_expected_accuracy": 0.25895035460992905,
  "knn_hparams": {
    "k": 25,
    "k_sweep": [
      1,
      2,
      3,
      4,
      5,
      6,
      7,
      8,
      9,
      10,
      15,
      20,
      25,
      50
    ],
    "metric": "cosine",
    "fit_index": true,
    "save_index": "",
    "load_index": "",
    "text_fields": []
  },
  "elbow_plot": "/n/fs/similarity/grail-simulation/reports/knn/elbow_minimum_wage.png",
  "notes": "Accuracy computed over eligible rows (gold_index>0). Buckets: 1..4, 5+, unknown."
}