{
  "coverage_summary": {
    "overall": {
      "excluded_by_study": {
        "study4": 733,
        "unknown": 1563
      },
      "excluded_rows": 2296,
      "included_rows": 5879,
      "total_rows": 8175
    },
    "train": {
      "excluded_by_study": {
        "study4": 665,
        "unknown": 1436
      },
      "excluded_rows": 2101,
      "included_rows": 5293,
      "total_rows": 7394
    },
    "validation": {
      "excluded_by_study": {
        "study4": 68,
        "unknown": 127
      },
      "excluded_rows": 195,
      "included_rows": 586,
      "total_rows": 781
    }
  },
  "demographic_missing_counts": {
    "overall": {
      "missing": 0,
      "share": 0.0,
      "total": 5879
    },
    "train": {
      "missing": 0,
      "share": 0.0,
      "total": 5293
    },
    "validation": {
      "missing": 0,
      "share": 0.0,
      "total": 586
    }
  },
  "feature_summary": {
    "age": {
      "train": {
        "count": 5292.0,
        "mean": 45.75132275132275,
        "std": 15.214544926256098
      },
      "validation": {
        "count": 586.0,
        "mean": 45.781569965870304,
        "std": 14.933758225462617
      }
    },
    "assault_ban": {
      "train": {
        "count": 1383.0,
        "mean": 0.30441070137382503,
        "std": 0.3408955229563305
      },
      "validation": {
        "count": 134.0,
        "mean": 0.2798507462686567,
        "std": 0.3442555998409193
      }
    },
    "biden_approval": {
      "train": {
        "count": 5270.0,
        "mean": 47.38557874762808,
        "std": 33.97672075021802
      },
      "validation": {
        "count": 585.0,
        "mean": 49.07692307692308,
        "std": 33.56859385045264
      }
    },
    "children_in_household": {
      "train": {
        "count": 2444.0,
        "mean": 1.7958265139116203,
        "std": 0.4030963577941358
      },
      "validation": {
        "count": 271.0,
        "mean": 1.8044280442804428,
        "std": 0.3966403482445839
      }
    },
    "college": {
      "train": {
        "count": 5293.0,
        "mean": 0.5499716606839221,
        "std": 0.4974965659464304
      },
      "validation": {
        "count": 586.0,
        "mean": 0.5255972696245734,
        "std": 0.4993443499107274
      }
    },
    "concealed_safe": {
      "train": {
        "count": 1383.0,
        "mean": 0.46529284164859,
        "std": 0.27102021493728284
      },
      "validation": {
        "count": 134.0,
        "mean": 0.458955223880597,
        "std": 0.30724162463043136
      }
    },
    "education": {
      "train": {
        "count": 2444.0,
        "mean": 3.8211947626841245,
        "std": 1.456806097686768
      },
      "validation": {
        "count": 271.0,
        "mean": 3.6715867158671585,
        "std": 1.4926279083343783
      }
    },
    "employment_status": {
      "train": {
        "count": 2444.0,
        "mean": 3.472176759410802,
        "std": 2.4137416896192914
      },
      "validation": {
        "count": 271.0,
        "mean": 3.4723247232472323,
        "std": 2.417298082574027
      }
    },
    "favorite_channels": {
      "train": {
        "count": 22.0,
        "mean": 0.0,
        "std": 0.0
      },
      "validation": {
        "count": 1.0,
        "mean": 0.0,
        "std": 0.0
      }
    },
    "freq_youtube": {
      "train": {
        "count": 5293.0,
        "mean": 2.8858870205932363,
        "std": 1.7257168294827097
      },
      "validation": {
        "count": 586.0,
        "mean": 2.744027303754266,
        "std": 1.6747492785525193
      }
    },
    "gender": {
      "train": {
        "Man": 1367,
        "Other (please specify)": 23,
        "Woman": 1459
      },
      "validation": {
        "Man": 153,
        "Other (please specify)": 2,
        "Woman": 160
      }
    },
    "gun_enthusiasm": {
      "train": {
        "count": 1383.0,
        "mean": 0.4374548083875633,
        "std": 0.6086504879091524
      },
      "validation": {
        "count": 134.0,
        "mean": 0.4925373134328358,
        "std": 0.6663138592701408
      }
    },
    "gun_importance": {
      "train": {
        "count": 1383.0,
        "mean": 2.890817064352856,
        "std": 0.9386508127697386
      },
      "validation": {
        "count": 134.0,
        "mean": 2.9029850746268657,
        "std": 0.9686843130167309
      }
    },
    "gun_index": {
      "train": {
        "count": 1383.0,
        "mean": 0.41024945770065074,
        "std": 0.2795129776136378
      },
      "validation": {
        "count": 134.0,
        "mean": 0.41417910447761197,
        "std": 0.3000380535752555
      }
    },
    "gun_index_2": {
      "train": {
        "count": 1383.0,
        "mean": 0.4379669799951796,
        "std": 0.2777685350733373
      },
      "validation": {
        "count": 134.0,
        "mean": 0.44636194029850745,
        "std": 0.30381139445749133
      }
    },
    "gun_ownership": {
      "train": {
        "count": 1383.0,
        "mean": 0.3232104121475054,
        "std": 0.4677023002155806
      },
      "validation": {
        "count": 134.0,
        "mean": 0.3805970149253731,
        "std": 0.4855336519287499
      }
    },
    "handgun_ban": {
      "train": {
        "count": 1383.0,
        "mean": 0.6518438177874186,
        "std": 0.32959340654870134
      },
      "validation": {
        "count": 134.0,
        "mean": 0.6884328358208955,
        "std": 0.35675330009793055
      }
    },
    "household_income": {
      "train": {
        "$10,000-$14,999": 91,
        "$100,000-$119,999": 171,
        "$120,000-$149,999": 167,
        "$15,000-$19,999": 98,
        "$150,000 or more": 184,
        "$20,000-$24,999": 151,
        "$25,000-$29,999": 164,
        "$30,000-$39,999": 311,
        "$40,000-$49,999": 261,
        "$50,000-$59,999": 293,
        "$60,000-$69,999": 243,
        "$70,000-$79,999": 222,
        "$80,000-$99,999": 322,
        "Less than $10,000": 115,
        "Prefer not to say": 56
      },
      "validation": {
        "$10,000-$14,999": 14,
        "$100,000-$119,999": 21,
        "$120,000-$149,999": 28,
        "$15,000-$19,999": 9,
        "$150,000 or more": 24,
        "$20,000-$24,999": 19,
        "$25,000-$29,999": 15,
        "$30,000-$39,999": 30,
        "$40,000-$49,999": 25,
        "$50,000-$59,999": 32,
        "$60,000-$69,999": 22,
        "$70,000-$79,999": 24,
        "$80,000-$99,999": 33,
        "Less than $10,000": 12,
        "Prefer not to say": 7
      }
    },
    "ideology": {
      "train": {
        "Conservative": 641,
        "Haven't thought much about it": 77,
        "Liberal": 1404,
        "Moderate": 726
      },
      "validation": {
        "Conservative": 73,
        "Haven't thought much about it": 10,
        "Liberal": 154,
        "Moderate": 78
      }
    },
    "minwage15_w1": {
      "train": {
        "count": 3910.0,
        "mean": 0.3059462915601023,
        "std": 0.36418084119698435
      },
      "validation": {
        "count": 452.0,
        "mean": 0.31360619469026546,
        "std": 0.3635305671273904
      }
    },
    "minwage15_w2": {
      "train": {
        "count": 3871.0,
        "mean": 0.34041591320072334,
        "std": 0.3782563533714413
      },
      "validation": {
        "count": 450.0,
        "mean": 0.3466666666666667,
        "std": 0.37281213618777065
      }
    },
    "minwage_text_r_w1": {
      "train": {
        "count": 3885.0,
        "mean": 0.4367014671814672,
        "std": 0.20246390343971335
      },
      "validation": {
        "count": 450.0,
        "mean": 0.44982222222222223,
        "std": 0.18554775233093432
      }
    },
    "minwage_text_r_w2": {
      "train": {
        "count": 3865.0,
        "mean": 0.45702137128072445,
        "std": 0.2067670087828747
      },
      "validation": {
        "count": 449.0,
        "mean": 0.4598218262806236,
        "std": 0.2005992456141982
      }
    },