{
  "coverage_summary": {
    "overall": {
      "excluded_by_study": {
        "study4": 769,
        "unknown": 1563
      },
      "excluded_rows": 2332,
      "included_rows": 5879,
      "total_rows": 8211
    },
    "train": {
      "excluded_by_study": {
        "study4": 674,
        "unknown": 1452
      },
      "excluded_rows": 2126,
      "included_rows": 5292,
      "total_rows": 7418
    },
    "validation": {
      "excluded_by_study": {
        "study4": 95,
        "unknown": 111
      },
      "excluded_rows": 206,
      "included_rows": 587,
      "total_rows": 793
    }
  },
  "demographic_missing_counts": {
    "overall": {
      "missing": 0,
      "share": 0.0,
      "total": 5879
    },
    "train": {
      "missing": 0,
      "share": 0.0,
      "total": 5292
    },
    "validation": {
      "missing": 0,
      "share": 0.0,
      "total": 587
    }
  },
  "feature_summary": {
    "age": {
      "train": {
        "count": 5291.0,
        "mean": 45.786051786051786,
        "std": 15.184630808173605
      },
      "validation": {
        "count": 587.0,
        "mean": 45.46848381601363,
        "std": 15.203232359988993
      }
    },
    "assault_ban": {
      "train": {
        "count": 1367.0,
        "mean": 0.3023043160204828,
        "std": 0.3427963253968536
      },
      "validation": {
        "count": 150.0,
        "mean": 0.3016666666666667,
        "std": 0.32697689350914216
      }
    },
    "biden_approval": {
      "train": {
        "count": 5270.0,
        "mean": 47.55407969639469,
        "std": 34.04039370600291
      },
      "validation": {
        "count": 585.0,
        "mean": 47.55897435897436,
        "std": 33.02136618295927
      }
    },
    "children_in_household": {
      "train": {
        "count": 2446.0,
        "mean": 1.8004905968928864,
        "std": 0.3996315818087416
      },
      "validation": {
        "count": 269.0,
        "mean": 1.762081784386617,
        "std": 0.4258088048558023
      }
    },
    "college": {
      "train": {
        "count": 5292.0,
        "mean": 0.5478080120937264,
        "std": 0.4977091459674477
      },
      "validation": {
        "count": 587.0,
        "mean": 0.545144804088586,
        "std": 0.49795777598487523
      }
    },
    "concealed_safe": {
      "train": {
        "count": 1367.0,
        "mean": 0.46598390636430137,
        "std": 0.27338439653832075
      },
      "validation": {
        "count": 150.0,
        "mean": 0.4533333333333333,
        "std": 0.283411753853333
      }
    },
    "education": {
      "train": {
        "count": 2446.0,
        "mean": 3.8094848732624693,
        "std": 1.4627033897667439
      },
      "validation": {
        "count": 269.0,
        "mean": 3.7769516728624537,
        "std": 1.4462065496607281
      }
    },
    "employment_status": {
      "train": {
        "count": 2446.0,
        "mean": 3.46443172526574,
        "std": 2.3989304614751776
      },
      "validation": {
        "count": 269.0,
        "mean": 3.54275092936803,
        "std": 2.5467804329489323
      }
    },
    "favorite_channels": {
      "train": {
        "count": 21.0,
        "mean": 0.0,
        "std": 0.0
      },
      "validation": {
        "count": 2.0,
        "mean": 0.0,
        "std": 0.0
      }
    },
    "freq_youtube": {
      "train": {
        "count": 5292.0,
        "mean": 2.873582766439909,
        "std": 1.7186027471861358
      },
      "validation": {
        "count": 587.0,
        "mean": 2.8551959114139693,
        "std": 1.7446397110619398
      }
    },
    "gender": {
      "train": {
        "Man": 1377,
        "Other (please specify)": 21,
        "Woman": 1448
      },
      "validation": {
        "Man": 143,
        "Other (please specify)": 4,
        "Woman": 171
      }
    },
    "gun_enthusiasm": {
      "train": {
        "count": 1367.0,
        "mean": 0.4381858083394294,
        "std": 0.6170740007984147
      },
      "validation": {
        "count": 150.0,
        "mean": 0.48,
        "std": 0.5856051001599399
      }
    },
    "gun_importance": {
      "train": {
        "count": 1367.0,
        "mean": 2.891002194586686,
        "std": 0.9473172094850552
      },
      "validation": {
        "count": 150.0,
        "mean": 2.9,
        "std": 0.8850612031567836
      }
    },
    "gun_index": {
      "train": {
        "count": 1367.0,
        "mean": 0.4112655449890271,
        "std": 0.2811520226573303
      },
      "validation": {
        "count": 150.0,
        "mean": 0.40449999999999997,
        "std": 0.28346178460831956
      }
    },
    "gun_index_2": {
      "train": {
        "count": 1367.0,
        "mean": 0.4396031455742502,
        "std": 0.27963346130628164
      },
      "validation": {
        "count": 150.0,
        "mean": 0.43055555555555564,
        "std": 0.284949096602044
      }
    },
    "gun_ownership": {
      "train": {
        "count": 1367.0,
        "mean": 0.31894659839063644,
        "std": 0.4660683059012686
      },
      "validation": {
        "count": 150.0,
        "mean": 0.41333333333333333,
        "std": 0.492431608336517
      }
    },
    "handgun_ban": {
      "train": {
        "count": 1367.0,
        "mean": 0.6547183613752743,
        "std": 0.33238631617669506
      },
      "validation": {
        "count": 150.0,
        "mean": 0.6583333333333333,
        "std": 0.3309288275277464
      }
    },
    "household_income": {
      "train": {
        "$10,000-$14,999": 98,
        "$100,000-$119,999": 167,
        "$120,000-$149,999": 174,
        "$15,000-$19,999": 101,
        "$150,000 or more": 181,
        "$20,000-$24,999": 152,
        "$25,000-$29,999": 161,
        "$30,000-$39,999": 313,
        "$40,000-$49,999": 263,
        "$50,000-$59,999": 294,
        "$60,000-$69,999": 236,
        "$70,000-$79,999": 217,
        "$80,000-$99,999": 319,
        "Less than $10,000": 116,
        "Prefer not to say": 54
      },
      "validation": {
        "$10,000-$14,999": 7,
        "$100,000-$119,999": 25,
        "$120,000-$149,999": 21,
        "$15,000-$19,999": 6,
        "$150,000 or more": 27,
        "$20,000-$24,999": 18,
        "$25,000-$29,999": 18,
        "$30,000-$39,999": 28,
        "$40,000-$49,999": 23,
        "$50,000-$59,999": 31,
        "$60,000-$69,999": 29,
        "$70,000-$79,999": 29,
        "$80,000-$99,999": 36,
        "Less than $10,000": 11,
        "Prefer not to say": 9
      }
    },
    "ideology": {
      "train": {
        "Conservative": 652,
        "Haven't thought much about it": 75,
        "Liberal": 1408,
        "Moderate": 711
      },
      "validation": {
        "Conservative": 62,
        "Haven't thought much about it": 12,
        "Liberal": 150,
        "Moderate": 93
      }
    },
    "minwage15_w1": {
      "train": {
        "count": 3925.0,
        "mean": 0.30579617834394907,
        "std": 0.36469361958188806
      },
      "validation": {
        "count": 437.0,
        "mean": 0.31521739130434784,
        "std": 0.3588256473407849
      }
    },
    "minwage15_w2": {
      "train": {
        "count": 3889.0,
        "mean": 0.34006171252249934,
        "std": 0.3776912123509311
      },
      "validation": {
        "count": 432.0,
        "mean": 0.35011574074074076,
        "std": 0.37763731318261523
      }
    },
    "minwage_text_r_w1": {
      "train": {
        "count": 3903.0,
        "mean": 0.43807922111196523,
        "std": 0.20035571583626813
      },
      "validation": {
        "count": 432.0,
        "mean": 0.43792129629629634,
        "std": 0.20490883996210585
      }
    },
    "minwage_text_r_w2": {
      "train": {
        "count": 3883.0,
        "mean": 0.45653298995621944,
        "std": 0.2056804064482082
      },
      "validation": {
        "count": 431.0,
        "mean": 0.46433874709976797,
        "std": 0.21006013139167173
      }
    },
    "minwage_text_w1": {
      "train": {
        "count": 1479.0,