{
  "coverage_summary": {
    "overall": {
      "excluded_by_study": {},
      "excluded_rows": 0,
      "included_rows": 5879,
      "total_rows": 5879
    },
    "train": {
      "excluded_by_study": {},
      "excluded_rows": 0,
      "included_rows": 5292,
      "total_rows": 5292
    },
    "validation": {
      "excluded_by_study": {},
      "excluded_rows": 0,
      "included_rows": 587,
      "total_rows": 587
    }
  },
  "demographic_missing_counts": {
    "overall": {
      "missing": 0,
      "share": 0.0,
      "total": 5879
    },
    "train": {
      "missing": 0,
      "share": 0.0,
      "total": 5292
    },
    "validation": {
      "missing": 0,
      "share": 0.0,
      "total": 587
    }
  },
  "feature_summary": {
    "age": {
      "train": {
        "count": 5291.0,
        "mean": 45.806085806085804,
        "std": 15.188633382157374
      },
      "validation": {
        "count": 587.0,
        "mean": 45.287904599659285,
        "std": 15.16217521593796
      }
    },
    "assault_ban": {
      "train": {
        "count": 1355.0,
        "mean": 0.2988929889298893,
        "std": 0.3363833469069272
      },
      "validation": {
        "count": 162.0,
        "mean": 0.33024691358024694,
        "std": 0.37848618321615884
      }
    },
    "biden_approval": {
      "train": {
        "count": 5273.0,
        "mean": 47.46633794803717,
        "std": 34.01229202671638
      },
      "validation": {
        "count": 582.0,
        "mean": 48.35395189003437,
        "std": 33.266731209194035
      }
    },
    "children_in_household": {
      "train": {
        "count": 2458.0,
        "mean": 1.7953620829943042,
        "std": 0.40343678554299645
      },
      "validation": {
        "count": 257.0,
        "mean": 1.8093385214007782,
        "std": 0.39282270705444244
      }
    },
    "college": {
      "train": {
        "count": 5292.0,
        "mean": 0.5479969765684052,
        "std": 0.4976909585679571
      },
      "validation": {
        "count": 587.0,
        "mean": 0.5434412265758092,
        "std": 0.4981092850304933
      }
    },
    "concealed_safe": {
      "train": {
        "count": 1355.0,
        "mean": 0.4632841328413284,
        "std": 0.2765241368042185
      },
      "validation": {
        "count": 162.0,
        "mean": 0.47685185185185186,
        "std": 0.255805366361876
      }
    },
    "education": {
      "train": {
        "count": 2458.0,
        "mean": 3.8136696501220504,
        "std": 1.4604440929523812
      },
      "validation": {
        "count": 257.0,
        "mean": 3.735408560311284,
        "std": 1.4655682183809382
      }
    },
    "employment_status": {
      "train": {
        "count": 2458.0,
        "mean": 3.4572823433685924,
        "std": 2.4157079064324067
      },
      "validation": {
        "count": 257.0,
        "mean": 3.614785992217899,
        "std": 2.393948119762637
      }
    },
    "favorite_channels": {
      "train": {
        "count": 22.0,
        "mean": 0.0,
        "std": 0.0
      },
      "validation": {
        "count": 1.0,
        "mean": 0.0,
        "std": 0.0
      }
    },
    "freq_youtube": {
      "train": {
        "count": 5292.0,
        "mean": 2.868291761148904,
        "std": 1.7211721997023177
      },
      "validation": {
        "count": 587.0,
        "mean": 2.9028960817717206,
        "std": 1.721427776254434
      }
    },
    "gender": {
      "train": {
        "Man": 1353,
        "Other (please specify)": 19,
        "Woman": 1462
      },
      "validation": {
        "Man": 167,
        "Other (please specify)": 6,
        "Woman": 157
      }
    },
    "gun_enthusiasm": {
      "train": {
        "count": 1355.0,
        "mean": 0.44723247232472324,
        "std": 0.6188771654832793
      },
      "validation": {
        "count": 162.0,
        "mean": 0.4012345679012346,
        "std": 0.5715462732874426
      }
    },
    "gun_importance": {
      "train": {
        "count": 1355.0,
        "mean": 2.893726937269373,
        "std": 0.9405567476486713
      },
      "validation": {
        "count": 162.0,
        "mean": 2.876543209876543,
        "std": 0.9478072946997154
      }
    },
    "gun_index": {
      "train": {
        "count": 1355.0,
        "mean": 0.4072509225092251,
        "std": 0.27967678325087136
      },
      "validation": {
        "count": 162.0,
        "mean": 0.43858024691358033,
        "std": 0.2938292678106816
      }
    },
    "gun_index_2": {
      "train": {
        "count": 1355.0,
        "mean": 0.43557810578105777,
        "std": 0.27919630737677836
      },
      "validation": {
        "count": 162.0,
        "mean": 0.46489197530864196,
        "std": 0.28691074191199817
      }
    },
    "gun_ownership": {
      "train": {
        "count": 1355.0,
        "mean": 0.3298892988929889,
        "std": 0.47017268037273413
      },
      "validation": {
        "count": 162.0,
        "mean": 0.3148148148148148,
        "std": 0.4644420816290538
      }
    },
    "handgun_ban": {
      "train": {
        "count": 1355.0,
        "mean": 0.6511070110701107,
        "std": 0.3332699884892093
      },
      "validation": {
        "count": 162.0,
        "mean": 0.6882716049382716,
        "std": 0.3216250793437232
      }
    },
    "household_income": {
      "train": {
        "$10,000-$14,999": 94,
        "$100,000-$119,999": 169,
        "$120,000-$149,999": 178,
        "$15,000-$19,999": 93,
        "$150,000 or more": 185,
        "$20,000-$24,999": 155,
        "$25,000-$29,999": 165,
        "$30,000-$39,999": 299,
        "$40,000-$49,999": 257,
        "$50,000-$59,999": 292,
        "$60,000-$69,999": 240,
        "$70,000-$79,999": 219,
        "$80,000-$99,999": 316,
        "Less than $10,000": 118,
        "Prefer not to say": 54
      },
      "validation": {
        "$10,000-$14,999": 11,
        "$100,000-$119,999": 23,
        "$120,000-$149,999": 17,
        "$15,000-$19,999": 14,
        "$150,000 or more": 23,
        "$20,000-$24,999": 15,
        "$25,000-$29,999": 14,
        "$30,000-$39,999": 42,
        "$40,000-$49,999": 29,
        "$50,000-$59,999": 33,
        "$60,000-$69,999": 25,
        "$70,000-$79,999": 27,
        "$80,000-$99,999": 39,
        "Less than $10,000": 9,
        "Prefer not to say": 9
      }
    },
    "ideology": {
      "train": {
        "Conservative": 627,
        "Haven't thought much about it": 78,
        "Liberal": 1403,
        "Moderate": 725
      },
      "validation": {
        "Conservative": 87,
        "Haven't thought much about it": 9,
        "Liberal": 155,
        "Moderate": 79
      }
    },
    "minwage15_w1": {
      "train": {
        "count": 3937.0,
        "mean": 0.309753619507239,
        "std": 0.3657815669071961
      },
      "validation": {
        "count": 425.0,
        "mean": 0.2788235294117647,
        "std": 0.3471206325818358
      }
    },
    "minwage15_w2": {
      "train": {
        "count": 3899.0,
        "mean": 0.34297255706591434,
        "std": 0.3789124189060483
      },
      "validation": {
        "count": 422.0,
        "mean": 0.3234597156398104,
        "std": 0.36581645624109255
      }
    },
    "minwage_text_r_w1": {
      "train": {
        "count": 3911.0,
        "mean": 0.43893254922014835,
        "std": 0.20102314662376095
      },
      "validation": {
        "count": 424.0,
        "mean": 0.43004716981132085,
        "std": 0.19869621650714486
      }
    },
    "minwage_text_r_w2": {
      "train": {
        "count": 3892.0,
        "mean": 0.45849886947584795,
        "std": 0.20577255489034768
      },
      "validation": {
        "count": 422.0,
        "mean": 0.4463744075829384,
        "std": 0.20913584806752747
      }
    },
    "minwage_text_w1": {
      "train": {
        "count": 1479.0,
        "mean": 14.26185936443543,
        "std": 4.504273726481875
      },
      "validation": {
        "count": 168.0,