{
  "coverage_summary": {
    "overall": {
      "excluded_by_study": {},
      "excluded_rows": 0,
      "included_rows": 23879,
      "total_rows": 23879
    },
    "train": {
      "excluded_by_study": {},
      "excluded_rows": 0,
      "included_rows": 21460,
      "total_rows": 21460
    },
    "validation": {
      "excluded_by_study": {},
      "excluded_rows": 0,
      "included_rows": 2419,
      "total_rows": 2419
    }
  },
  "demographic_missing_counts": {
    "overall": {
      "missing": 0,
      "share": 0.0,
      "total": 23879
    },
    "train": {
      "missing": 0,
      "share": 0.0,
      "total": 21460
    },
    "validation": {
      "missing": 0,
      "share": 0.0,
      "total": 2419
    }
  },
  "feature_summary": {
    "age": {
      "train": {
        "count": 21457.0,
        "mean": 46.40494943375122,
        "std": 15.30090353507313
      },
      "validation": {
        "count": 2419.0,
        "mean": 45.986357999173215,
        "std": 15.172734921548432
      }
    },
    "assault_ban": {
      "train": {
        "count": 4393.0,
        "mean": 0.3187457318461188,
        "std": 0.34251243918334867
      },
      "validation": {
        "count": 548.0,
        "mean": 0.3416970802919708,
        "std": 0.38286692651903514
      }
    },
    "biden_approval": {
      "train": {
        "count": 21353.0,
        "mean": 46.66533976490423,
        "std": 34.32423854447925
      },
      "validation": {
        "count": 2399.0,
        "mean": 48.88120050020842,
        "std": 33.54728356102326
      }
    },
    "children_in_household": {
      "train": {
        "count": 11255.0,
        "mean": 1.7868502887605509,
        "std": 0.40953255284285833
      },
      "validation": {
        "count": 1200.0,
        "mean": 1.82,
        "std": 0.38418745424597095
      }
    },
    "college": {
      "train": {
        "count": 21460.0,
        "mean": 0.5245573159366262,
        "std": 0.4993965741111855
      },
      "validation": {
        "count": 2419.0,
        "mean": 0.5258371227780074,
        "std": 0.4993319968583569
      }
    },
    "concealed_safe": {
      "train": {
        "count": 4393.0,
        "mean": 0.4710903710448441,
        "std": 0.2766435179789447
      },
      "validation": {
        "count": 548.0,
        "mean": 0.4854014598540146,
        "std": 0.25094060889969383
      }
    },
    "education": {
      "train": {
        "count": 11255.0,
        "mean": 3.773078631719236,
        "std": 1.4632608080569447
      },
      "validation": {
        "count": 1200.0,
        "mean": 3.7733333333333334,
        "std": 1.4555487701283738
      }
    },
    "employment_status": {
      "train": {
        "count": 11255.0,
        "mean": 3.4647712127943135,
        "std": 2.4100666598314255
      },
      "validation": {
        "count": 1200.0,
        "mean": 3.6308333333333334,
        "std": 2.386674668282676
      }
    },
    "favorite_channels": {
      "train": {
        "count": 68.0,
        "mean": 0.0,
        "std": 0.0
      },
      "validation": {
        "count": 3.0,
        "mean": 0.0,
        "std": 0.0
      }
    },
    "freq_youtube": {
      "train": {
        "count": 21460.0,
        "mean": 2.8296831314072692,
        "std": 1.7253994748666632
      },
      "validation": {
        "count": 2419.0,
        "mean": 2.885489871847871,
        "std": 1.735422446673279
      }
    },
    "gender": {
      "train": {
        "Man": 4885,
        "Other (please specify)": 71,
        "Woman": 5249
      },
      "validation": {
        "Man": 618,
        "Other (please specify)": 23,
        "Woman": 578
      }
    },
    "gun_enthusiasm": {
      "train": {
        "count": 4393.0,
        "mean": 0.4693831094923742,
        "std": 0.6311822899435149
      },
      "validation": {
        "count": 548.0,
        "mean": 0.39233576642335766,
        "std": 0.5741509285203351
      }
    },
    "gun_importance": {
      "train": {
        "count": 4393.0,
        "mean": 2.8923287047575688,
        "std": 0.9400504509312255
      },
      "validation": {
        "count": 548.0,
        "mean": 2.8503649635036497,
        "std": 0.956851900887644
      }
    },
    "gun_index": {
      "train": {
        "count": 4393.0,
        "mean": 0.4247325290234464,
        "std": 0.283055026676669
      },
      "validation": {
        "count": 548.0,
        "mean": 0.45328467153284674,
        "std": 0.2952608879530425
      }
    },
    "gun_index_2": {
      "train": {
        "count": 4393.0,
        "mean": 0.4527847332878064,
        "std": 0.2821167228176954
      },
      "validation": {
        "count": 548.0,
        "mean": 0.48004105839416056,
        "std": 0.2881863999960363
      }
    },
    "gun_ownership": {
      "train": {
        "count": 4393.0,
        "mean": 0.34737081720919644,
        "std": 0.4761347840271822
      },
      "validation": {
        "count": 548.0,
        "mean": 0.30656934306569344,
        "std": 0.46106895466726294
      }
    },
    "handgun_ban": {
      "train": {
        "count": 4393.0,
        "mean": 0.669531072160255,
        "std": 0.3294067655819557
      },
      "validation": {
        "count": 548.0,
        "mean": 0.7007299270072993,
        "std": 0.3205114185116422
      }
    },
    "household_income": {
      "train": {
        "$10,000-$14,999": 345,
        "$100,000-$119,999": 608,
        "$120,000-$149,999": 634,
        "$15,000-$19,999": 338,
        "$150,000 or more": 693,
        "$20,000-$24,999": 536,
        "$25,000-$29,999": 612,
        "$30,000-$39,999": 1080,
        "$40,000-$49,999": 919,
        "$50,000-$59,999": 1036,
        "$60,000-$69,999": 861,
        "$70,000-$79,999": 793,
        "$80,000-$99,999": 1151,
        "Less than $10,000": 421,
        "Prefer not to say": 178
      },
      "validation": {
        "$10,000-$14,999": 39,
        "$100,000-$119,999": 90,
        "$120,000-$149,999": 64,
        "$15,000-$19,999": 53,
        "$150,000 or more": 85,
        "$20,000-$24,999": 55,
        "$25,000-$29,999": 52,
        "$30,000-$39,999": 158,
        "$40,000-$49,999": 106,
        "$50,000-$59,999": 127,
        "$60,000-$69,999": 87,
        "$70,000-$79,999": 100,
        "$80,000-$99,999": 136,
        "Less than $10,000": 33,
        "Prefer not to say": 34
      }
    },
    "ideology": {
      "train": {
        "Conservative": 2298,
        "Haven't thought much about it": 279,
        "Liberal": 4962,
        "Moderate": 2662
      },
      "validation": {
        "Conservative": 343,
        "Haven't thought much about it": 28,
        "Liberal": 549,
        "Moderate": 299
      }
    },
    "minwage15_w1": {
      "train": {
        "count": 17067.0,
        "mean": 0.31083377277787544,
        "std": 0.3660440045168235
      },
      "validation": {
        "count": 1871.0,
        "mean": 0.2695082843399252,
        "std": 0.34419904283884534
      }
    },
    "minwage15_w2": {
      "train": {
        "count": 16966.0,
        "mean": 0.3445272898738654,
        "std": 0.37914197344637257
      },
      "validation": {
        "count": 1866.0,
        "mean": 0.31564844587352625,
        "std": 0.36736735061838494
      }
    },
    "minwage_text_r_w1": {
      "train": {
        "count": 16958.0,
        "mean": 0.4385520226441797,
        "std": 0.2013214833735963
      },
      "validation": {
        "count": 1867.0,
        "mean": 0.4232672737011248,
        "std": 0.19809952651421034
      }
    },
    "minwage_text_r_w2": {
      "train": {
        "count": 16931.0,
        "mean": 0.45785675978973484,
        "std": 0.20459354959223275
      },
      "validation": {
        "count": 1866.0,
        "mean": 0.44298499464094326,
        "std": 0.20602197821841725
      }
    },
    "minwage_text_w1": {
      "train": {
        "count": 5812.0,
        "mean": 14.298291465932556,
        "std": 4.507802296473412
      },