feature_space,study,accuracy,accuracy_all_rows,baseline_accuracy,random_baseline_accuracy,best_k,eligible,total,accuracy_ci_low,accuracy_ci_high
tfidf,Study 1 – Gun Control (MTurk),0.7627737226277372,0.7627737226277372,0.5401459854014599,0.32563868613138586,2,548,548,0.7265970388776725,0.7994539965185823
tfidf,Study 2 – Minimum Wage (MTurk),0.35469448584202684,0.35469448584202684,0.368107302533532,0.25541480377545955,2,671,671,0.3183146853146853,0.3903716216216216
