feature_space,study,accuracy,accuracy_all_rows,baseline_accuracy,random_baseline_accuracy,best_k,eligible,total,accuracy_ci_low,accuracy_ci_high
tfidf,Study 1 – Gun Control (MTurk),0.7627737226277372,0.7627737226277372,0.5401459854014599,0.32563868613138586,2,548,548,0.7265970388776725,0.7994539965185823
tfidf,Study 2 – Minimum Wage (MTurk),0.35469448584202684,0.35469448584202684,0.368107302533532,0.25541480377545955,2,671,671,0.3183146853146853,0.3903716216216216
tfidf,Study 3 – Minimum Wage (YouGov),0.30916666666666665,0.30916666666666665,0.4791666666666667,0.2553472222222222,2,1200,1200,0.28725001344106404,0.3355752714503274
word2vec,Study 1 – Gun Control (MTurk),0.29014598540145986,0.29014598540145986,0.5401459854014599,0.32563868613138586,2,548,548,0.2568325379000561,0.3230222587995284
word2vec,Study 2 – Minimum Wage (MTurk),0.29508196721311475,0.29508196721311475,0.368107302533532,0.25541480377545955,2,671,671,0.2596850625263172,0.33011730205278594
word2vec,Study 3 – Minimum Wage (YouGov),0.2675,0.2675,0.4791666666666667,0.2553472222222222,2,1200,1200,0.24473696281230015,0.29128491001676315
