{
  "model": "knn",
  "dataset": "/n/fs/similarity/grail-simulation/data/cleaned_grail",
  "issue": "gun_control",
  "split": "validation",
  "n_total": 982,
  "n_eligible": 982,
  "accuracy_overall": 0.48268839103869654,
  "accuracy_by_k": {
    "1": 0.48268839103869654,
    "2": 0.48268839103869654,
    "3": 0.48268839103869654,
    "4": 0.48268839103869654,
    "5": 0.48268839103869654,
    "6": 0.48268839103869654,
    "7": 0.48268839103869654,
    "8": 0.48268839103869654,
    "9": 0.48268839103869654,
    "10": 0.48268839103869654,
    "15": 0.48268839103869654,
    "20": 0.48268839103869654,
    "25": 0.48268839103869654,
    "50": 0.48268839103869654
  },
  "best_k": 2,
  "position_stats": {
    "1": {
      "n_seen": 0,
      "n_eligible": 0,
      "correct": 0,
      "accuracy": 0.0
    },
    "2": {
      "n_seen": 0,
      "n_eligible": 0,
      "correct": 0,
      "accuracy": 0.0
    },
    "3": {
      "n_seen": 0,
      "n_eligible": 0,
      "correct": 0,
      "accuracy": 0.0
    },
    "4": {
      "n_seen": 0,
      "n_eligible": 0,
      "correct": 0,
      "accuracy": 0.0
    },
    "5+": {
      "n_seen": 0,
      "n_eligible": 0,
      "correct": 0,
      "accuracy": 0.0
    },
    "unknown": {
      "n_seen": 982,
      "n_eligible": 982,
      "correct": 474,
      "accuracy": 0.48268839103869654
    }
  },
  "by_n_options": {
    "hist_seen": {
      "1": 127,
      "2": 308,
      "3": 12,
      "4": 114,
      "5+": 421
    },
    "hist_eligible": {
      "1": 127,
      "2": 308,
      "3": 12,
      "4": 114,
      "5+": 421
    },
    "hist_correct": {
      "1": 127,
      "2": 205,
      "3": 3,
      "4": 8,
      "5+": 131
    },
    "accuracy": {
      "1": 1.0,
      "2": 0.6655844155844156,
      "3": 0.25,
      "4": 0.07017543859649122,
      "5+": 0.31116389548693585
    }
  },
  "split_single_vs_multi": {
    "n_single": 127,
    "n_multi": 855,
    "eligible_single": 127,
    "eligible_multi": 855,
    "accuracy_single": 1.0,
    "accuracy_multi": 0.4058479532163743
  },
  "gold_index_distribution": {
    "1": 160,
    "2": 326,
    "3": 11,
    "4": 7,
    "5": 478
  },
  "baseline_most_frequent_gold_index": {
    "top_index": 5,
    "count": 478,
    "accuracy": 0.48676171079429736
  },
  "random_baseline_expected_accuracy": 0.40498981670061107,
  "knn_hparams": {
    "k": 25,
    "k_sweep": [
      1,
      2,
      3,
      4,
      5,
      6,
      7,
      8,
      9,
      10,
      15,
      20,
      25,
      50
    ],
    "metric": "cosine",
    "fit_index": true,
    "save_index": "",
    "load_index": "",
    "text_fields": []
  },
  "elbow_plot": "/n/fs/similarity/grail-simulation/reports/knn/elbow_gun_control.png",
  "notes": "Accuracy computed over eligible rows (gold_index>0). Buckets: 1..4, 5+, unknown."
}